Wall time,Step,Value
1668319917.6632035,0,0.7232999801635742
1668320006.5524077,1,0.8109999895095825
1668320095.417279,2,0.8381233215332031
1668320184.356874,3,0.849399983882904
1668320273.295833,4,0.8590566515922546
1668320362.3435106,5,0.8637300133705139
1668320451.4063337,6,0.8696233630180359
1668320540.5088537,7,0.8725699782371521
1668320629.6268234,8,0.8754533529281616
1668320718.7124176,9,0.8778899908065796
1668320807.7225897,10,0.8801533579826355
1668320896.7373006,11,0.8817099928855896
1668320985.7509255,12,0.8831066489219666
1668321075.2167697,13,0.8839200139045715
1668321164.446908,14,0.8851566910743713
1668321253.4201672,15,0.8869566917419434
1668321342.3601627,16,0.8880900144577026
1668321431.3335521,17,0.889103353023529
1668321520.1942372,18,0.8895800113677979
1668321609.0141618,19,0.8905333280563354
1668321697.7521105,20,0.8914300203323364
1668321786.477063,21,0.8921633362770081
1668321876.4274058,22,0.8930133581161499
1668321965.5616202,23,0.8937100172042847
1668322054.6811452,24,0.8945900201797485
1668322143.8927884,25,0.895246684551239
1668322232.9386573,26,0.8957766890525818
1668322321.9464808,27,0.8961799740791321
1668322411.0154207,28,0.8966966867446899
1668322500.1644104,29,0.8967933058738708
1668322589.178373,30,0.8976566791534424
1668322677.9371378,31,0.898086667060852
1668322766.9251416,32,0.8988866806030273
1668322855.8306172,33,0.8992599844932556
1668322944.5529823,34,0.8997466564178467
1668323033.2393732,35,0.8996933102607727
1668323121.9015887,36,0.900439977645874
1668323210.5955184,37,0.9006199836730957
1668323299.0794191,38,0.9012200236320496
1668323387.8716457,39,0.9016833305358887
1668323476.501529,40,0.9019666910171509
1668323565.1460726,41,0.902263343334198
1668323654.1213455,42,0.902649998664856
1668323742.805054,43,0.9028566479682922
1668323831.5714526,44,0.9032300114631653
1668323920.2186801,45,0.903689980506897
1668324008.8359983,46,0.9033233523368835
1668324097.6742868,47,0.9039499759674072
1668324186.4310532,48,0.904313325881958
1668324275.3377867,49,0.9046433568000793
